N,M,boltzmann_time,cauchy_time,log_cauchy_time
300000,2,3.55461,8.05858,1.31924
300000,122,21.2819,12.7998,12.7417
