N,M,boltzmann_time,cauchy_time,log_cauchy_time
100,2,3.49156,3.44909,3.4704
100,14,4.42619,4.3182,4.3517
100,26,5.12669,5.19694,5.06889
100,38,5.91897,5.86211,5.86653
